"NFICode";"NFIName";"originalName";"originalNameAuthorship";"acceptedName";"acceptedNameAuthorship";"taxonomicStatus";"taxonRank"
31;"Abies alba";"Abies alba";"Mill.";"Abies alba";"Mill.";"Accepted";"species"
32;"Abies pinsapo";"Abies pinsapo";"Boiss.";"Abies pinsapo";"Boiss.";"Accepted";"species"
307;"Acacia dealbata";"Acacia dealbata";"Link";"Acacia dealbata";"Link";"Accepted";"species"
207;"Acacia melanoxylon";"Acacia melanoxylon";"R.Br. in W.T.Aiton";"Acacia melanoxylon";"R.Br.";"Accepted";"species"
7;"Acacia spp.";"Acacia";;"Acacia";"Mill.";"Accepted";"genus"
76;"Acer campestre";"Acer campestre";"L.";"Acer campestre";"L.";"Accepted";"species"
276;"Acer monspessulanum";"Acer monspessulanum";"L.";"Acer monspessulanum";"L.";"Accepted";"species"
376;"Acer negundo";"Acer negundo";"L.";"Acer negundo";"L.";"Accepted";"species"
476;"Acer opalus";"Acer opalus";"Mill.";"Acer opalus";"Mill.";"Accepted";"species"
676;"Acer platanoides";"Acer platanoides";"L.";"Acer platanoides";"L.";"Accepted";"species"
576;"Acer pseudoplatanus";"Acer pseudoplatanus";"L.";"Acer pseudoplatanus";"L.";"Accepted";"species"
776;"Acer spp.";"Acer";;"Acer";"L.";"Accepted";"genus"
976;"Acer spp.";"Acer";;"Acer";"L.";"Accepted";"genus"
1163;"Adenocarpus decorticans";"Adenocarpus decorticans";"Boiss.";"Adenocarpus decorticans";"Boiss.";"Accepted";"species"
2163;"Adenocarpus gibbsianus";"Adenocarpus gibbsianus";"Castrov. & Talavera";"Adenocarpus complicatus  subsp. aureus";"(Cav.) C.Vicioso";"Accepted";"subspecies"
2103;"Adenocarpus spp.";"Adenocarpus";;"Adenocarpus";"DC.";"Accepted";"genus"
3163;"Adenocarpus telonensis";"Adenocarpus telonensis";"(Loisel.) DC. in Lam. & DC.";"Adenocarpus telonensis";"(Loisel.) DC.";"Accepted";"species"
10103;"Adenocarpus telonensis";"Adenocarpus telonensis";"(Loisel.) DC. in Lam. & DC.";"Adenocarpus telonensis";"(Loisel.) DC.";"Accepted";"species"
11;"Ailanthus altissima";"Ailanthus altissima";"(Mill.) Swingle";"Ailanthus altissima";"(Mill.) Swingle";"Accepted";"species"
54;"Alnus glutinosa";"Alnus glutinosa";"(L.) Gaertn.";"Alnus glutinosa";"(L.) Gaertn.";"Accepted";"species"
2;"Amelanchier ovalis";"Amelanchier ovalis";"Medik.";"Amelanchier ovalis";"Medik.";"Accepted";"species"
200;"Amelanchier ovalis";"Amelanchier ovalis";"Medik.";"Amelanchier ovalis";"Medik.";"Accepted";"species"
150;"Ampelodesmos mauritanica";"Ampelodesmos mauritanica";;"Ampelodesmos mauritanicus";"(Poir.) T.Durand & Schinz";"Accepted";"species"
1175;"Anagyris foetida";"Anagyris foetida";"L.";"Anagyris foetida";"L.";"Accepted";"species"
175;"Anagyris spp.";"Anagyris";;"Anagyris";"L.";"Accepted";"genus"
125;"Anthyllis cytisoides";"Anthyllis cytisoides";"L.";"Anthyllis cytisoides";"L.";"Accepted";"species"
169;"Aphyllanthes monspeliensis";"Aphyllanthes monspeliensis";"L.";"Aphyllanthes monspeliensis";"L.";"Accepted";"species"
88;"Apollonias barbujana";"Apollonias barbujana";"(Cav.) Bornm.";"Persea barbujana";"(Cav.) Mabb. & Nieto Fel.";"Accepted";"species"
268;"Arbutus canariensis";"Arbutus canariensis";"Veill.";"Arbutus canariensis";"Veill.";"Accepted";"species"
68;"Arbutus unedo";"Arbutus unedo";"L.";"Arbutus unedo";"L.";"Accepted";"species"
107;"Arctostaphylos uva-ursi";"Arctostaphylos uva-ursi";"(L.) Spreng.";"Arctostaphylos uva-ursi";"(L.) Spreng.";"Accepted";"species"
3159;"Artemisia campestris";"Artemisia campestris";"L.";"Artemisia campestris";"L.";"Accepted";"species"
159;"Artemisia canariensis";"Artemisia canariensis";;"Artemisia thuscula";"Cav.";"Accepted";"species"
1159;"Artemisia reptans";"Artemisia reptans";"C.Sm. ex Link";"Artemisia reptans";"C.Sm.";"Accepted";"species"
126;"Artemisia spp.";"Artemisia";;"Artemisia";"L.";"Accepted";"genus"
1138;"Asparagus acutifolius";"Asparagus acutifolius";"L.";"Asparagus acutifolius";"L.";"Accepted";"species"
2138;"Asparagus albus";"Asparagus albus";"L.";"Asparagus albus";"L.";"Accepted";"species"
138;"Asparagus spp.";"Asparagus";;"Asparagus";"L.";"Accepted";"genus"
6104;"Astragalus spp.";"Astragalus";;"Astragalus";"L.";"Accepted";"genus"
133;"Atriplex spp.";"Atriplex";;"Atriplex";"L.";"Accepted";"genus"
116;"Berberis vulgaris";"Berberis vulgaris";"L.";"Berberis vulgaris";"L.";"Accepted";"species"
273;"Betula alba";"Betula alba";"L.";"Betula pubescens  var. pubescens";;"Accepted";"variety"
373;"Betula pendula";"Betula pendula";"Roth";"Betula pendula";"Roth";"Accepted";"species"
73;"Betula spp.";"Betula";;"Betula";"L.";"Accepted";"genus"
2124;"Bupleurum fruticescens";"Bupleurum fruticescens";"Loefl. ex L.";"Bupleurum fruticescens";"L.";"Accepted";"species"
1124;"Bupleurum fruticosum";"Bupleurum fruticosum";"L.";"Bupleurum fruticosum";"L.";"Accepted";"species"
4124;"Bupleurum gibraltaricum";"Bupleurum gibraltaricum";;"Bupleurum gibraltaricum";"Lam.";"Accepted";"species"
124;"Bupleurum spp.";"Bupleurum";;"Bupleurum";"L.";"Accepted";"genus"
291;"Buxus balearica";"Buxus balearica";"Lam.";"Buxus balearica";"Lam.";"Accepted";"species"
2910;"Buxus balearica";"Buxus balearica";"Lam.";"Buxus balearica";"Lam.";"Accepted";"species"
9071;"Buxus balearica";"Buxus balearica";"Lam.";"Buxus balearica";"Lam.";"Accepted";"species"
91;"Buxus sempervirens";"Buxus sempervirens";"L.";"Buxus sempervirens";"L.";"Accepted";"species"
9100;"Buxus sempervirens";"Buxus sempervirens";"L.";"Buxus sempervirens";"L.";"Accepted";"species"
9072;"Calicotome infesta";"Calicotome infesta";"(C.Presl) Guss.";"Calicotome infesta";"(C.Presl) Guss.";"Accepted";"species"
2104;"Calicotome spinosa";"Calicotome spinosa";"(L.) Link";"Calicotome spinosa";"(L.) Link";"Accepted";"species"
2105;"Calicotome spp.";"Calicotome";;"Calicotome";"Link";"Accepted";"genus"
3104;"Calicotome villosa";"Calicotome villosa";"(Poir.) Link";"Calicotome villosa";"(Poir.) Link";"Accepted";"species"
106;"Calluna vulgaris";"Calluna vulgaris";"(L.) Hull";"Calluna vulgaris";"(L.) Hill";"Accepted";"species"
98;"Carpinus betulus";"Carpinus betulus";"L.";"Carpinus betulus";"L.";"Accepted";"species"
72;"Castanea sativa";"Castanea sativa";"Mill.";"Castanea sativa";"Mill.";"Accepted";"species"
17;"Cedrus atlantica";"Cedrus atlantica";"(Endl.) Carrière";"Cedrus atlantica";"(Endl.) G.Manetti ex Carrière";"Accepted";"species"
217;"Cedrus deodara";"Cedrus deodara";"(Roxb. ex D.Don) G.Don in Loudon";"Cedrus deodara";"(Roxb. ex D.Don) G.Don";"Accepted";"species"
317;"Cedrus libani";"Cedrus libani";;"Cedrus libani";"A.Rich.";"Accepted";"species"
917;"Cedrus spp.";"Cedrus";;"Cedrus";"Trew";"Accepted";"genus"
13;"Celtis australis";"Celtis australis";"L.";"Celtis australis";"L.";"Accepted";"species"
67;"Ceratonia siliqua";"Ceratonia siliqua";"L.";"Ceratonia siliqua";"L.";"Accepted";"species"
18;"Chamaecyparis lawsoniana";"Chamaecyparis lawsoniana";"(A.Murray) Parl.";"Chamaecyparis lawsoniana";"(A.Murray bis) Parl.";"Accepted";"species"
160;"Chamaecytisus proliferus";"Chamaecytisus proliferus";"(L.f.) Link";"Chamaecytisus proliferus";"(L.f.) Link";"Accepted";"species"
369;"Chamaerops humilis";"Chamaerops humilis";"L.";"Chamaerops humilis";"L.";"Accepted";"species"
3690;"Chamaerops humilis";"Chamaerops humilis";"L.";"Chamaerops humilis";"L.";"Accepted";"species"
136;"Chamaespartium tridentatum";"Chamaespartium tridentatum";;"Genista tridentata";"L.";"Accepted";"species"
3101;"Cistus albidus";"Cistus albidus";"L.";"Cistus albidus";"L.";"Accepted";"species"
4101;"Cistus clusii";"Cistus clusii";"Dunal in DC.";"Cistus clusii";"Dunal";"Accepted";"species"
9073;"Cistus creticus";"Cistus creticus";"L.";"Cistus creticus";"L.";"Accepted";"species"
7101;"Cistus crispus";"Cistus crispus";"L.";"Cistus crispus";"L.";"Accepted";"species"
1101;"Cistus ladanifer";"Cistus ladanifer";"L.";"Cistus ladanifer";"L.";"Accepted";"species"
8101;"Cistus laurifolius";"Cistus laurifolius";"L.";"Cistus laurifolius";"L.";"Accepted";"species"
10101;"Cistus libanotis";"Cistus libanotis";"L.";"Cistus libanotis";"L.";"Accepted";"species"
5101;"Cistus monspeliensis";"Cistus monspeliensis";"L.";"Cistus monspeliensis";"L.";"Accepted";"species"
2101;"Cistus populifolius";"Cistus populifolius";"L.";"Cistus populifolius";"L.";"Accepted";"species"
2111;"Cistus psilosepalus";"Cistus psilosepalus";"Sweet";"Cistus laxus";"Aiton";"Accepted";"species"
11101;"Cistus psilosepalus";"Cistus psilosepalus";"Sweet";"Cistus laxus";"Aiton";"Accepted";"species"
6101;"Cistus salvifolius";"Cistus salvifolius";;"Cistus salviifolius";"L.";"Accepted";"species"
6101;"Cistus salviifolius";"Cistus salviifolius";"L.";"Cistus salviifolius";"L.";"Accepted";"species"
101;"Cistus spp.";"Cistus";;"Cistus";"L.";"Accepted";"genus"
9101;"Cistus symphytifolius";"Cistus symphytifolius";"Lam.";"Cistus symphytifolius";"Lam.";"Accepted";"species"
1132;"Clematis flammula";"Clematis flammula";"L.";"Clematis flammula";"L.";"Accepted";"species"
132;"Clematis spp.";"Clematis";;"Clematis";"L.";"Accepted";"genus"
2132;"Clematis vitalba";"Clematis vitalba";"L.";"Clematis vitalba";"L.";"Accepted";"species"
7103;"Colutea arborescens";"Colutea arborescens";"L.";"Colutea arborescens";"L.";"Accepted";"species"
1172;"Corema album";"Corema album";"(L.) D.Don in Sweet";"Corema album";"(L.) D.Don ex Steud.";"Accepted";"species"
172;"Corema spp.";"Corema";;"Corema";"D.Don";"Accepted";"genus"
139;"Coriaria myrtifolia";"Coriaria myrtifolia";"L.";"Coriaria myrtifolia";"L.";"Accepted";"species"
9;"Cornus sanguinea";"Cornus sanguinea";"L.";"Cornus sanguinea";"L.";"Accepted";"species"
900;"Cornus sanguinea";"Cornus sanguinea";"L.";"Cornus sanguinea";"L.";"Accepted";"species"
152;"Coronilla emerus";"Coronilla emerus";;"Hippocrepis emerus";"(L.) Lassen";"Accepted";"species"
1152;"Coronilla glauca";"Coronilla glauca";"L.";"Coronilla valentina  subsp. glauca";"(L.) Batt.";"Accepted";"subspecies"
3152;"Coronilla juncea";"Coronilla juncea";"L.";"Coronilla juncea";"L.";"Accepted";"species"
5104;"Coronilla spp.";"Coronilla";;"Coronilla";"L.";"Accepted";"genus"
74;"Corylus avellana";"Corylus avellana";"L.";"Corylus avellana";"L.";"Accepted";"species"
118;"Cotoneaster spp.";"Cotoneaster";;"Cotoneaster";"Medik.";"Accepted";"genus"
515;"Crataegus azarolus";"Crataegus azarolus";"L.";"Crataegus azarolus";"L.";"Accepted";"species"
415;"Crataegus lacinata";"Crataegus lacinata";;"Crataegus laciniata";"Ucria";"Accepted";"species"
315;"Crataegus laevigata";"Crataegus laevigata";"(Poir.) DC.";"Crataegus laevigata";"(Poir.) DC.";"Accepted";"species"
215;"Crataegus monogyna";"Crataegus monogyna";"Jacq.";"Crataegus monogyna";"Jacq.";"Accepted";"species"
15;"Crataegus spp.";"Crataegus";;"Crataegus";"L.";"Accepted";"genus"
1500;"Cultivo en mosaico";;;;;;
236;"Cupressus arizonica";"Cupressus arizonica";"Greene";"Cupressus arizonica";"Greene";"Accepted";"species"
336;"Cupressus lusitanica";"Cupressus lusitanica";"Mill.";"Cupressus lusitanica";"Mill.";"Accepted";"species"
436;"Cupressus macrocarpa";"Cupressus macrocarpa";"Hartw.";"Cupressus macrocarpa";"Hartw.";"Accepted";"species"
36;"Cupressus sempervirens";"Cupressus sempervirens";"L.";"Cupressus sempervirens";"L.";"Accepted";"species"
936;"Cupressus spp.";"Cupressus";;"Cupressus";"L.";"Accepted";"genus"
153;"Cytisophyllum sessilifolium";"Cytisophyllum sessilifolium";"(L.) O.Lang";"Cytisophyllum sessilifolium";"(L.) O.Lang";"Accepted";"species"
167;"Cytisus arboreus";"Cytisus arboreus";"(Desf.) DC.";"Cytisus arboreus";"DC.";"Accepted";"species"
1187;"Cytisus baeticus";"Cytisus baeticus";;"Cytisus arboreus";"DC.";"Accepted";"species"
2167;"Cytisus cantabricus";"Cytisus cantabricus";"(Willk.) Rchb.f. & Beck in Rchb.";"Cytisus cantabricus";"Rchb. ex Briq.";"Accepted";"species"
9011;"Cytisus commutatus";"Cytisus commutatus";"(Willk.) Briq.";"Cytisus commutatus";"(Willk.) Briq.";"Accepted";"species"
9201;"Cytisus commutatus";"Cytisus commutatus";"(Willk.) Briq.";"Cytisus commutatus";"(Willk.) Briq.";"Accepted";"species"
9481;"Cytisus commutatus";"Cytisus commutatus";"(Willk.) Briq.";"Cytisus commutatus";"(Willk.) Briq.";"Accepted";"species"
9074;"Cytisus fontanesii subsp. fontanesii";"Cytisus fontanesii fontanesii";"Spach in Bourg.";"Cytisus fontanesii";"Spach ex Ball";"Accepted";"species"
1188;"Cytisus grandiflorus";"Cytisus grandiflorus";"(Brot.) DC.";"Cytisus grandiflorus";"DC.";"Accepted";"species"
1168;"Cytisus malacifitanus";"Cytisus malacifitanus";;"Cytisus malacitanus";"Boiss.";"Accepted";"species"
3167;"Cytisus multiflorus";"Cytisus multiflorus";"(L´Hér.) Sweet";"Cytisus multiflorus";"Sweet";"Accepted";"species"
4167;"Cytisus oromediterraneus";"Cytisus oromediterraneus";"Rivas Mart. & al.";"Cytisus oromediterraneus";"Rivas Mart., T.E.Díaz, Fern.Prieto, Loidi & Penas";"Accepted";"species"
1167;"Cytisus scoparius";"Cytisus scoparius";"(L.) Link";"Cytisus scoparius";"(L.) Link";"Accepted";"species"
4104;"Cytisus spp.";"Cytisus";;"Cytisus";"Desf.";"Accepted";"genus"
1189;"Cytisus striatus";"Cytisus striatus";"(Hill) Rothm.";"Cytisus striatus";"(Hill) Rothm.";"Accepted";"species"
1191;"Cytisus tribracteolatus";"Cytisus tribracteolatus";;"Genista tribracteolata";"(Webb) Pau";"Accepted";"species"
1190;"Cytisus villosus";"Cytisus villosus";"Pourr.";"Cytisus villosus";"Pourr.";"Accepted";"species"
120;"Daboecia cantabrica";"Daboecia cantabrica";"(Huds.) K.Koch";"Daboecia cantabrica";"(Huds.) K.Koch";"Accepted";"species"
1110;"Daphne gnidium";"Daphne gnidium";"L.";"Daphne gnidium";"L.";"Accepted";"species"
2110;"Daphne laureola";"Daphne laureola";"L.";"Daphne laureola";"L.";"Accepted";"species"
3110;"Daphne mezereum";"Daphne mezereum";"L.";"Daphne mezereum";"L.";"Accepted";"species"
110;"Daphne spp.";"Daphne";;"Daphne";"L.";"Accepted";"genus"
178;"Dittrichia viscosa";"Dittrichia viscosa";"(L.) Greuter";"Dittrichia viscosa";"(L.) Greuter";"Accepted";"species"
1154;"Dorycnium hirsutum";"Dorycnium hirsutum";"(L.) Ser. in DC.";"Lotus hirsutus";"L.";"Accepted";"species"
154;"Dorycnium pentaphyllum";"Dorycnium pentaphyllum";"Scop.";"Lotus dorycnium";"L.";"Accepted";"species"
7104;"Dorycnium spp.";"Dorycnium";;"Lotus";"L.";"Accepted";"genus"
569;"Dracaena draco";"Dracaena draco";"L.";"Dracaena draco";"(L.) L.";"Accepted";"species"
569;"Dracaena drago";"Dracaena drago";;"Dracaena draco";"(L.) L.";"Accepted";"species"
1177;"Echinospartum boissieri";"Echinospartum boissieri";"(Spach) Rothm.";"Echinospartum boissieri";"(Spach) Rothm.";"Accepted";"species"
177;"Echinospartum spp.";"Echinospartum";;"Echinospartum";"(Spach) Fourr.";"Accepted";"genus"
161;"Echium spp.";"Echium";;"Echium";"L.";"Accepted";"genus"
1173;"Ephedra fragilis";"Ephedra fragilis";"Desf.";"Ephedra fragilis";"Desf.";"Accepted";"species"
173;"Ephedra spp.";"Ephedra";;"Ephedra";"L.";"Accepted";"genus"
83;"Erica arborea";"Erica arborea";"L.";"Erica arborea";"L.";"Accepted";"species"
1102;"Erica arborea";"Erica arborea";"L.";"Erica arborea";"L.";"Accepted";"species"
2102;"Erica australis";"Erica australis";"L.";"Erica australis";"L.";"Accepted";"species"
8102;"Erica ciliaris";"Erica ciliaris";"Loefl. ex L.";"Erica ciliaris";"L.";"Accepted";"species"
5102;"Erica cinerea";"Erica cinerea";"L.";"Erica cinerea";"L.";"Accepted";"species"
9102;"Erica erigena";"Erica erigena";"R.Ross";"Erica erigena";"R.Ross";"Accepted";"species"
4102;"Erica multiflora";"Erica multiflora";"L.";"Erica multiflora";"L.";"Accepted";"species"
283;"Erica scoparia";"Erica scoparia";"L.";"Erica scoparia";"L.";"Accepted";"species"
6102;"Erica scoparia";"Erica scoparia";"L.";"Erica scoparia";"L.";"Accepted";"species"
102;"Erica spp.";"Erica";;"Erica";"L.";"Accepted";"genus"
1202;"Erica tetralix";"Erica tetralix";"L.";"Erica tetralix";"L.";"Accepted";"species"
7102;"Erica umbellata";"Erica umbellata";"Loefl. ex L.";"Erica umbellata";"L.";"Accepted";"species"
3102;"Erica vagans";"Erica vagans";"L.";"Erica vagans";"L.";"Accepted";"species"
1166;"Erinacea anthyllis";"Erinacea anthyllis";"Link";"Erinacea anthyllis";"Link";"Accepted";"species"
1104;"Erinacea spp.";"Erinacea";;"Erinacea";"Tourn. ex Adans.";"Accepted";"genus"
62;"Eucalyptus camaldulensis";"Eucalyptus camaldulensis";"Dehnh.";"Eucalyptus camaldulensis";"Dehnh.";"Accepted";"species"
61;"Eucalyptus globulus";"Eucalyptus globulus";"Labill.";"Eucalyptus globulus";"Labill.";"Accepted";"species"
364;"Eucalyptus gomphocephalus";"Eucalyptus gomphocephalus";;"Eucalyptus gomphocephala";"DC.";"Accepted";"species"
64;"Eucalyptus nitens";"Eucalyptus nitens";;"Eucalyptus nitens";"Maiden";"Accepted";"species"
464;"Eucalyptus robusta";"Eucalyptus robusta";"Sm.";"Eucalyptus robusta";"Sm.";"Accepted";"species"
264;"Eucalyptus viminalis";"Eucalyptus viminalis";"Labill.";"Eucalyptus viminalis";"Labill.";"Accepted";"species"
5;"Euonymus europaeus";"Euonymus europaeus";"L.";"Euonymus europaeus";"L.";"Accepted";"species"
500;"Euonymus europaeus";"Euonymus europaeus";"L.";"Euonymus europaeus";"L.";"Accepted";"species"
3162;"Euphorbia aphylla";"Euphorbia aphylla";"Brouss. ex Willd.";"Euphorbia aphylla";"Brouss.";"Accepted";"species"
1162;"Euphorbia canariensis";"Euphorbia canariensis";"L.";"Euphorbia canariensis";"L.";"Accepted";"species"
2162;"Euphorbia handiensis";"Euphorbia handiensis";"Burchard";"Euphorbia handiensis";"Burchard";"Accepted";"species"
162;"Euphorbia spp.";"Euphorbia";;"Euphorbia";"L.";"Accepted";"genus"
71;"Fagus sylvatica";"Fagus sylvatica";"L.";"Fagus sylvatica";"L.";"Accepted";"species"
299;"Ficus carica";"Ficus carica";"L.";"Ficus carica";"L.";"Accepted";"species"
181;"Flueggea tinctoria";"Flueggea tinctoria";"(L.) G.L.Webster";"Flueggea tinctoria";"(L.) G.L.Webster";"Accepted";"species"
3;"Frangula alnus";"Frangula alnus";"Mill.";"Frangula alnus";"Mill.";"Accepted";"species"
300;"Frangula alnus";"Frangula alnus";"Mill.";"Frangula alnus";"Mill.";"Accepted";"species"
55;"Fraxinus angustifolia";"Fraxinus angustifolia";"Vahl";"Fraxinus angustifolia";"Vahl";"Accepted";"species"
255;"Fraxinus excelsior";"Fraxinus excelsior";"L.";"Fraxinus excelsior";"L.";"Accepted";"species"
355;"Fraxinus ornus";"Fraxinus ornus";"L.";"Fraxinus ornus";"L.";"Accepted";"species"
455;"Fraxinus spp.";"Fraxinus";;"Fraxinus";"L.";"Accepted";"genus"
955;"Fraxinus spp.";"Fraxinus";;"Fraxinus";"L.";"Accepted";"genus"
1255;"Genista anglica";"Genista anglica";"L.";"Genista anglica";"L.";"Accepted";"species"
6155;"Genista baetica";"Genista baetica";;"Genista versicolor  subsp. versicolor";"Boiss.";"Accepted";"subspecies"
5155;"Genista balansae";"Genista balansae";;"Genista balansae";"(Boiss.) Rouy";"Unchecked";"species"
1355;"Genista cinerascens";"Genista cinerascens";"Lange";"Genista cinerascens";"Lange";"Accepted";"species"
8155;"Genista cinerea";"Genista cinerea";"(Vill.) DC. in Lam. & DC.";"Genista cinerea";"(Vill.) DC.";"Accepted";"species"
9075;"Genista dorycnifolia";"Genista dorycnifolia";"Font Quer";"Genista dorycnifolia";"Font Quer";"Accepted";"species"
1455;"Genista falcata";"Genista falcata";"Brot.";"Genista falcata";"Brot.";"Accepted";"species"
1555;"Genista florida";"Genista florida";"L.";"Genista florida";"L.";"Accepted";"species"
1156;"Genista hirsuta";"Genista hirsuta";"Vahl";"Genista hirsuta";"Vahl";"Accepted";"species"
10155;"Genista hirsuta";"Genista hirsuta";"Vahl";"Genista hirsuta";"Vahl";"Accepted";"species"
1655;"Genista hispanica";"Genista hispanica";"L.";"Genista hispanica";"L.";"Accepted";"species"
1755;"Genista hystrix";"Genista hystrix";"Lange";"Genista hystrix";"Lange";"Accepted";"species"
9155;"Genista linifolia";"Genista linifolia";;"Genista linifolia";"L.";"Accepted";"species"
1155;"Genista monspessulana";"Genista monspessulana";;"Genista monspessulana";"(L.) L.A.S.Johnson";"Accepted";"species"
2155;"Genista patens";"Genista patens";;"Genista patens";"DC.";"Accepted";"species"
3155;"Genista scorpius";"Genista scorpius";"(L.) DC. in Lam. & DC.";"Genista scorpius";"(L.) DC.";"Accepted";"species"
155;"Genista spp.";"Genista";;"Genista";"L.";"Accepted";"genus"
2156;"Genista triacanthos";"Genista triacanthos";"Brot.";"Genista triacanthos";"Brot.";"Accepted";"species"
11155;"Genista triacanthos";"Genista triacanthos";"Brot.";"Genista triacanthos";"Brot.";"Accepted";"species"
12155;"Genista tridens";"Genista tridens";"(Cav.) DC.";"Genista tridens";"(Cav.) DC.";"Accepted";"species"
13155;"Genista tridentata";"Genista tridentata";;"Genista tridentata";"L.";"Accepted";"species"
4155;"Genista triflora";"Genista triflora";;"Chamaecytisus triflorus";"(Lam.) Skalická";"Accepted";"species"
7155;"Genista umbellata";"Genista umbellata";"(L´Hér.) Dum. Cours.";"Genista umbellata";"(L'Hér.) Poir.";"Accepted";"species"
14155;"Genista versicolor";"Genista versicolor";"Boiss.";"Genista versicolor";"Boiss.";"Accepted";"species"
9104;"Genistella spp.";"Genistella";;"Genista";"L.";"Accepted";"genus"
392;"Gleditsia triacanthos";"Gleditsia triacanthos";"L.";"Gleditsia triacanthos";"L.";"Accepted";"species"
140;"Globularia alypum";"Globularia alypum";"L.";"Globularia alypum";"L.";"Accepted";"species"
4117;"Halimium atriplicifolium";"Halimium atriplicifolium";"(Lam.) Spach";"Cistus atriplicifolius";"Lam.";"Accepted";"species"
2117;"Halimium commutatum";"Halimium commutatum";;"Cistus commutatus";"(Pau) Byng & Christenh.";"Accepted";"species"
1117;"Halimium halimifolium";"Halimium halimifolium";"(L.) Willk. in Willk. & Lange";"Cistus halimifolius";"L.";"Accepted";"species"
3117;"Halimium lasianthum";"Halimium lasianthum";"(Lam.) Spach";"Cistus lasianthus";"Lam.";"Accepted";"species"
5117;"Halimium ocymoides";"Halimium ocymoides";"(Lam.) Willk. in Willk. & Lange";"Cistus ocymoides";"Lam.";"Accepted";"species"
117;"Halimium spp.";"Halimium";;"Cistus";"L.";"Accepted";"genus"
6117;"Halimium umbellatum";"Halimium umbellatum";"(L.) Spach";"Cistus umbellatus";"L.";"Accepted";"species"
1;"Heberdenia bahamensis";"Heberdenia bahamensis";;"Heberdenia excelsa";"(Aiton) DC.";"Accepted";"species"
141;"Hedera helix";"Hedera helix";"L.";"Hedera helix";"L.";"Accepted";"species"
142;"Helianthemum spp.";"Helianthemum";;"Helianthemum";"Mill.";"Accepted";"genus"
1128;"Helichrysum italicum";"Helichrysum italicum";"(Roth) G.Don";"Helichrysum italicum";"(Roth) G.Don";"Accepted";"species"
2128;"Helichrysum spp.";"Helichrysum";;"Helichrysum";"Mill.";"Accepted";"genus"
128;"Helichrysum stoechas";"Helichrysum stoechas";"(L.) Moench";"Helichrysum stoechas";"(L.) Moench";"Accepted";"species"
9000;"Herbazal en mosaico";;;;;;
163;"Hypericum canariensis";"Hypericum canariensis";;"Hypericum canariense";"L.";"Accepted";"species"
65;"Ilex aquifolium";"Ilex aquifolium";"L.";"Ilex aquifolium";"L.";"Accepted";"species"
82;"Ilex canariensis";"Ilex canariensis";"Poir.";"Ilex canariensis";"Poir.";"Accepted";"species"
282;"Ilex platyphylla";"Ilex platyphylla";;"Ilex perado  subsp. platyphylla";"(Webb & Berthel.) Tutin";"Accepted";"subspecies"
143;"Jasminum fruticans";"Jasminum fruticans";"L.";"Chrysojasminum fruticans";"(L.) Banfi";"Accepted";"species"
275;"Juglans nigra";"Juglans nigra";"L.";"Juglans nigra";"L.";"Accepted";"species"
75;"Juglans regia";"Juglans regia";"L.";"Juglans regia";"L.";"Accepted";"species"
975;"Juglans spp.";"Juglans";;"Juglans";"L.";"Accepted";"genus"
337;"Juniperus cedrus";"Juniperus cedrus";"Webb & Berthel.";"Juniperus cedrus";"Webb & Berthel.";"Accepted";"species"
37;"Juniperus communis";"Juniperus communis";"L.";"Juniperus communis";"L.";"Accepted";"species"
3700;"Juniperus communis ssp. alpina";"Juniperus communis alpina";"(Suter) Celak.";"Juniperus communis";"L.";"Accepted";"species"
237;"Juniperus oxycedrus";"Juniperus oxycedrus";"L.";"Juniperus oxycedrus";"L.";"Accepted";"species"
39;"Juniperus phoenicea";"Juniperus phoenicea";"L.";"Juniperus phoenicea";"L.";"Accepted";"species"
239;"Juniperus sabina";"Juniperus sabina";"L.";"Juniperus sabina";"L.";"Accepted";"species"
1139;"Juniperus sabina";"Juniperus sabina";"L.";"Juniperus sabina";"L.";"Accepted";"species"
937;"Juniperus spp.";"Juniperus";;"Juniperus";"L.";"Accepted";"genus"
38;"Juniperus thurifera";"Juniperus thurifera";"L.";"Juniperus thurifera";"L.";"Accepted";"species"
238;"Juniperus turbinata";"Juniperus turbinata";;"Juniperus turbinata";"Guss.";"Accepted";"species"
164;"Kleinia neriifolia";"Kleinia neriifolia";"Haw.";"Kleinia neriifolia";"Haw.";"Accepted";"species"
235;"Larix decidua";"Larix decidua";"Mill.";"Larix decidua";"Mill.";"Accepted";"species"
335;"Larix leptolepis";"Larix leptolepis";;"Larix kaempferi";"(Lamb.) Carrière";"Accepted";"species"
35;"Larix spp.";"Larix";;"Larix";"Mill.";"Accepted";"genus"
435;"Larix x eurolepis";"Larix x eurolepis";;"Larix eurolepis";"A.Henry";"Unchecked";"species"
185;"Launaea arborescens";"Launaea arborescens";"(Batt.) Murb.";"Launaea arborescens";"(Batt.) Murb.";"Accepted";"species"
80;"Laurisilva";"Laurisilva";;"Liparis laurisilvatica";"Fukuy.";"Accepted";"species"
294;"Laurus azorica";"Laurus azorica";;"Laurus azorica";"(Seub.) Franco";"Accepted";"species"
94;"Laurus nobilis";"Laurus nobilis";"L.";"Laurus nobilis";"L.";"Accepted";"species"
3109;"Lavandula lanata";"Lavandula lanata";"Boiss.";"Lavandula lanata";"Boiss.";"Accepted";"species"
1109;"Lavandula latifolia";"Lavandula latifolia";"Medik.";"Lavandula latifolia";"Medik.";"Accepted";"species"
4109;"Lavandula pedunculata";"Lavandula pedunculata";"(Mill.) Cav.";"Lavandula pedunculata";"(Mill.) Cav.";"Accepted";"species"
109;"Lavandula spp.";"Lavandula";;"Lavandula";"L.";"Accepted";"genus"
2109;"Lavandula stoechas";"Lavandula stoechas";"L.";"Lavandula stoechas";"L.";"Accepted";"species"
112;"Ligustrum vulgare";"Ligustrum vulgare";"L.";"Ligustrum vulgare";"L.";"Accepted";"species"
182;"Lithodora spp.";"Lithodora";;"Lithodora";"Griseb.";"Accepted";"genus"
1144;"Lonicera etrusca";"Lonicera etrusca";"Santi";"Lonicera etrusca";"Santi";"Accepted";"species"
2144;"Lonicera implexa";"Lonicera implexa";"Aiton";"Lonicera implexa";"Aiton";"Accepted";"species"
3144;"Lonicera periclymenum";"Lonicera periclymenum";"L.";"Lonicera periclymenum";"L.";"Accepted";"species"
4144;"Lonicera pyrenaica";"Lonicera pyrenaica";"L.";"Lonicera pyrenaica";"L.";"Accepted";"species"
9012;"Lonicera pyrenaica";"Lonicera pyrenaica";"L.";"Lonicera pyrenaica";"L.";"Accepted";"species"
144;"Lonicera spp.";"Lonicera";;"Lonicera";"L.";"Accepted";"genus"
5144;"Lonicera xylosteum";"Lonicera xylosteum";"L.";"Lonicera xylosteum";"L.";"Accepted";"species"
12;"Malus sylvestris";"Malus sylvestris";"(L.) Mill.";"Malus sylvestris";"(L.) Mill.";"Accepted";"species"
8000;"Matorral en mosaico";;;;;;
158;"Maytenus canariensis";"Maytenus canariensis";;"Gymnosporia cassinoides";"(L'Hér.) Masf.";"Accepted";"species"
1158;"Maytenus senegalensis";"Maytenus senegalensis";"(Lam.) Exell";"Gymnosporia senegalensis";"Loes.";"Accepted";"species"
145;"Medicago arborea";"Medicago arborea";"L.";"Medicago arborea";"L.";"Accepted";"species"
9076;"Medicago arborea";"Medicago arborea";"L.";"Medicago arborea";"L.";"Accepted";"species"
30;"Mezcla de coníferas";;;;;;
60;"Mezcla de eucaliptos";"Eucalyptus";;"Eucalyptus";"L'Hér.";"Accepted";"genus"
70;"Mezcla de frondosas de gran porte";;;;;;
90;"Mezcla de pequeñas frondosas";;;;;;
50;"Mezcla de árboles de ribera";;;;;;
499;"Morus alba";"Morus alba";"L.";"Morus alba";"L.";"Accepted";"species"
599;"Morus nigra";"Morus nigra";"L.";"Morus nigra";"L.";"Accepted";"species"
399;"Morus spp.";"Morus";;"Morus";"L.";"Accepted";"genus"
81;"Myrica faya";"Myrica faya";"Aiton";"Myrica faya";"[Dryand.]";"Accepted";"species"
281;"Myrica rivas-martinezii";"Myrica rivas-martinezii";;"Myrica rivas-martinezii";"A.Santos";"Unchecked";"species"
6;"Myrtus communis";"Myrtus communis";"L.";"Myrtus communis";"L.";"Accepted";"species"
600;"Myrtus communis";"Myrtus communis";"L.";"Myrtus communis";"L.";"Accepted";"species"
146;"Nerium oleander";"Nerium oleander";"L.";"Nerium oleander";"L.";"Accepted";"species"
87;"Ocotea phoetens";"Ocotea phoetens";;"Ocotea";"Aubl.";"Accepted";"genus"
66;"Olea europaea";"Olea europaea";"L.";"Olea europaea";"L.";"Accepted";"species"
8104;"Ononis spp.";"Ononis";;"Ononis";"L.";"Accepted";"genus"
156;"Ononis tridentata";"Ononis tridentata";"L.";"Ononis tridentata";"L.";"Accepted";"species"
1135;"Osyris alba";"Osyris alba";"L.";"Osyris alba";"L.";"Accepted";"species"
2135;"Osyris lanceolata";"Osyris lanceolata";"Hochst. & Steud.";"Osyris lanceolata";"Hochst. & Steud.";"Accepted";"species"
2135;"Osyris quadripartita";"Osyris quadripartita";;"Osyris lanceolata";"Hochst. & Steud.";"Accepted";"species"
135;"Osyris spp.";"Osyris";;"Osyris";"L.";"Accepted";"genus"
19;"Otras coníferas";;;;;;
99;"Otras frondosas";;;;;;
89;"Otras laurisilvas";;;;;;
103;"Otras papilionoideas altas";;;;;;
104;"Otras papilionoideas bajas";;;;;;
63;"Otros eucaliptos";"Eucalyptus";;"Eucalyptus";"L'Hér.";"Accepted";"genus"
29;"Otros pinos";"Pinus";;"Pinus";"L.";"Accepted";"genus"
49;"Otros quercus";"Quercus";;"Quercus";"L.";"Accepted";"genus"
59;"Otros árboles ripícolas";;;;;;
147;"Paliurus spina-christi";"Paliurus spina-christi";"Mill.";"Paliurus spina-christi";"Mill.";"Accepted";"species"
3500;"Pastizal-Matorral en mosaico";;;;;;
183;"Periploca laevigata";"Periploca laevigata";"Aiton";"Periploca laevigata";"Aiton";"Accepted";"species"
84;"Persea indica";"Persea indica";"(L.) C.K.Spreng.";"Persea indica";"(L.) Spreng.";"Accepted";"species"
113;"Phillyrea angustifolia";"Phillyrea angustifolia";"L.";"Phillyrea angustifolia";"L.";"Accepted";"species"
8;"Phillyrea latifolia";"Phillyrea latifolia";"L.";"Phillyrea latifolia";"L.";"Accepted";"species"
1171;"Phlomis lychnitis";"Phlomis lychnitis";"L.";"Phlomis lychnitis";"L.";"Accepted";"species"
2171;"Phlomis purpurea";"Phlomis purpurea";"L.";"Phlomis purpurea";"L.";"Accepted";"species"
171;"Phlomis spp.";"Phlomis";;"Phlomis";"L.";"Accepted";"genus"
469;"Phoenix canariensis";"Phoenix canariensis";"Chabaud";"Phoenix canariensis";"Chabaud";"Accepted";"species"
69;"Phoenix spp.";"Phoenix";;"Phoenix";"L.";"Accepted";"genus"
86;"Picconia excelsa";"Picconia excelsa";"(Aiton) DC.";"Picconia excelsa";"DC.";"Accepted";"species"
33;"Picea abies";"Picea abies";"(L.) H.Karst.";"Picea abies";"(L.) H.Karst.";"Accepted";"species"
20;"Pinos";"Pinus";;"Pinus";"L.";"Accepted";"genus"
27;"Pinus canariensis";"Pinus canariensis";"C.Sm. ex DC. in Buch";"Pinus canariensis";"C.Sm. ex DC.";"Accepted";"species"
24;"Pinus halepensis";"Pinus halepensis";"Mill.";"Pinus halepensis";"Mill.";"Accepted";"species"
25;"Pinus nigra";"Pinus nigra";"J.F.Arnold";"Pinus nigra";"Aiton";"Accepted";"species"
26;"Pinus pinaster";"Pinus pinaster";"Aiton";"Pinus pinaster";"Aiton";"Accepted";"species"
23;"Pinus pinea";"Pinus pinea";"L.";"Pinus pinea";"L.";"Accepted";"species"
28;"Pinus radiata";"Pinus radiata";"D.Don";"Pinus radiata";"D.Don";"Accepted";"species"
21;"Pinus sylvestris";"Pinus sylvestris";"L.";"Pinus sylvestris";"L.";"Accepted";"species"
22;"Pinus uncinata";"Pinus uncinata";"Ramond ex DC. in Lam. & DC.";"Pinus uncinata";"Ramond ex DC.";"Accepted";"species"
293;"Pistacia atlantica";"Pistacia atlantica";"Desf.";"Pistacia atlantica";"Desf.";"Accepted";"species"
111;"Pistacia lentiscus";"Pistacia lentiscus";"L.";"Pistacia lentiscus";"L.";"Accepted";"species"
93;"Pistacia terebinthus";"Pistacia terebinthus";"L.";"Pistacia terebinthus";"L.";"Accepted";"species"
9300;"Pistacia terebinthus";"Pistacia terebinthus";"L.";"Pistacia terebinthus";"L.";"Accepted";"species"
79;"Platanus hispanica";"Platanus hispanica";"Mill. ex Münchh.";"Platanus hispanica";"Mill. ex Münchh.";"Unchecked";"species"
279;"Platanus orientalis";"Platanus orientalis";;"Platanus orientalis";"L.";"Accepted";"species"
289;"Pleiomeris canariensis";"Pleiomeris canariensis";"(Willd.) A.DC.";"Pleiomeris canariensis";"(Willd.) A.DC.";"Accepted";"species"
51;"Populus alba";"Populus alba";"L.";"Populus alba";"L.";"Accepted";"species"
58;"Populus nigra";"Populus nigra";"L.";"Populus nigra";"L.";"Accepted";"species"
52;"Populus tremula";"Populus tremula";"L.";"Populus tremula";"L.";"Accepted";"species"
258;"Populus x canadensis";"Populus x canadensis";;"Populus deltoides  subsp. monilifera";"(Aiton) Eckenw.";"Accepted";"subspecies"
3400;"Prado en mosaico";"Prado en mosaico";;"Pradosia";"Liais";"Accepted";"genus"
395;"Prunus avium";"Prunus avium";"L.";"Prunus avium";"(L.) L.";"Accepted";"species"
495;"Prunus lusitanica";"Prunus lusitanica";"L.";"Prunus lusitanica";"L.";"Accepted";"species"
148;"Prunus mahaleb";"Prunus mahaleb";"L.";"Prunus mahaleb";"L.";"Accepted";"species"
1095;"Prunus mahaleb";"Prunus mahaleb";"L.";"Prunus mahaleb";"L.";"Accepted";"species"
595;"Prunus padus";"Prunus padus";"L.";"Prunus padus";"L.";"Accepted";"species"
295;"Prunus spinosa";"Prunus spinosa";"L.";"Prunus spinosa";"L.";"Accepted";"species"
2950;"Prunus spinosa";"Prunus spinosa";"L.";"Prunus spinosa";"L.";"Accepted";"species"
95;"Prunus spp.";"Prunus";;"Prunus";"L.";"Accepted";"genus"
34;"Pseudotsuga menziesii";"Pseudotsuga menziesii";"(Mirb.) Franco";"Pseudotsuga menziesii";"(Mirb.) Franco";"Accepted";"species"
136;"Pterospartum tridentatum";"Pterospartum tridentatum";"(L.) Willk. in Willk. & Lange";"Genista tridentata";"L.";"Accepted";"species"
16;"Pyrus spp.";"Pyrus";;"Pyrus";"L.";"Accepted";"genus"
40;"Quercus";"Quercus";;"Quercus";"L.";"Accepted";"genus"
344;"Quercus alpestris";"Quercus alpestris";;"Quercus faginea";"Lam.";"Accepted";"species"
47;"Quercus canariensis";"Quercus canariensis";"Willd.";"Quercus canariensis";"Willd.";"Accepted";"species"
105;"Quercus coccifera";"Quercus coccifera";"L.";"Quercus coccifera";"L.";"Accepted";"species"
44;"Quercus faginea";"Quercus faginea";"Lam.";"Quercus faginea";"Lam.";"Accepted";"species"
1105;"Quercus fruticosa";"Quercus fruticosa";;"Quercus lusitanica";"Lam.";"Accepted";"species"
45;"Quercus ilex";"Quercus ilex";"L.";"Quercus ilex";"L.";"Accepted";"species"
45;"Quercus ilex ssp. ballota";"Quercus ilex ballota";"(Desf.) Samp.";"Quercus ilex";"L.";"Accepted";"species"
245;"Quercus ilex ssp. ilex";"Quercus ilex ilex";"L.";"Quercus ilex";"L.";"Accepted";"species"
244;"Quercus lusitanica";"Quercus lusitanica";"Lam.";"Quercus lusitanica";"Lam.";"Accepted";"species"
244;"Quercus lusitanica (Q. fruticosa)";"Quercus lusitanica";"Lam.";"Quercus lusitanica";"Lam.";"Accepted";"species"
42;"Quercus petraea";"Quercus petraea";"(Matt.) Liebl.";"Quercus petraea";"(Matt.) Liebl.";"Accepted";"species"
243;"Quercus pubescens";"Quercus pubescens";"Willd.";"Quercus pubescens";"Willd.";"Accepted";"species"
243;"Quercus pubescens (Q. humilis)";"Quercus pubescens";"Willd.";"Quercus pubescens";"Willd.";"Accepted";"species"
43;"Quercus pyrenaica";"Quercus pyrenaica";"Willd.";"Quercus pyrenaica";"Willd.";"Accepted";"species"
41;"Quercus robur";"Quercus robur";"L.";"Quercus robur";"L.";"Accepted";"species"
48;"Quercus rubra";"Quercus rubra";"L.";"Quercus rubra";"L.";"Accepted";"species"
46;"Quercus suber";"Quercus suber";"L.";"Quercus suber";"L.";"Accepted";"species"
2165;"Retama monosperma";"Retama monosperma";"(L.) Boiss.";"Retama monosperma";"(L.) Boiss.";"Accepted";"species"
2165;"Retama mosnosperma";"Retama mosnosperma";;"Retama monosperma";"(L.) Boiss.";"Accepted";"species"
1165;"Retama sphaerocarpa";"Retama sphaerocarpa";"(L.) Boiss.";"Retama sphaerocarpa";"(L.) Boiss.";"Accepted";"species"
4103;"Retama spp.";"Retama";;"Retama";"Raf.";"Accepted";"genus"
4;"Rhamnus alaternus";"Rhamnus alaternus";"L.";"Rhamnus alaternus";"L.";"Accepted";"species"
6122;"Rhamnus alaternus";"Rhamnus alaternus";"L.";"Rhamnus alaternus";"L.";"Accepted";"species"
3122;"Rhamnus alpinus";"Rhamnus alpinus";;"Ozothamnus alpinus";"(N.A.Wakef.) Anderb.";"Accepted";"species"
389;"Rhamnus glandulosa";"Rhamnus glandulosa";"Aiton";"Rhamnus glandulosa";"Aiton";"Accepted";"species"
1122;"Rhamnus lycioides";"Rhamnus lycioides";"L.";"Rhamnus lycioides";"L.";"Accepted";"species"
5122;"Rhamnus myrtifolius";"Rhamnus myrtifolius";;"Cytisus procumbens";"(Waldst. & Kit. ex Willd.) Spreng.";"Accepted";"species"
4122;"Rhamnus oleoides";"Rhamnus oleoides";"L.";"Rhamnus oleoides";"L.";"Accepted";"species"
2122;"Rhamnus saxatilis";"Rhamnus saxatilis";"Jacq.";"Rhamnus saxatilis";"Jacq.";"Accepted";"species"
122;"Rhamnus spp.";"Rhamnus";;"Rhamnus";"L.";"Accepted";"genus"
2108;"Rhododendron ferrugineum";"Rhododendron ferrugineum";"L.";"Rhododendron ferrugineum";"L.";"Accepted";"species"
1108;"Rhododendron ponticum";"Rhododendron ponticum";"L.";"Rhododendron ponticum";"L.";"Accepted";"species"
108;"Rhododendron spp.";"Rhododendron";;"Rhododendron";"L.";"Accepted";"genus"
96;"Rhus coriaria";"Rhus coriaria";"L.";"Rhus coriaria";"L.";"Accepted";"species"
1131;"Ribes alpinum";"Ribes alpinum";"L.";"Ribes alpinum";"L.";"Accepted";"species"
2131;"Ribes rubrum";"Ribes rubrum";"L.";"Ribes rubrum";"L.";"Accepted";"species"
131;"Ribes spp.";"Ribes";;"Ribes";"L.";"Accepted";"genus"
92;"Robinia pseudacacia";"Robinia pseudacacia";;"Robinia pseudoacacia";"L.";"Accepted";"species"
92;"Robinia pseudoacacia";"Robinia pseudoacacia";"L.";"Robinia pseudoacacia";"L.";"Accepted";"species"
119;"Rosa spp.";"Rosa";;"Rosa";"L.";"Accepted";"genus"
114;"Rosmarinus officinalis";"Rosmarinus officinalis";"L.";"Rosmarinus officinalis";"L.";"Accepted";"species"
1114;"Rosmarinus tomentosus";"Rosmarinus tomentosus";"Hub.-Mor. & Maire";"Rosmarinus tomentosus";"Hub.-Mor. & Maire";"Accepted";"species"
1121;"Rubus caesius";"Rubus caesius";"L.";"Rubus caesius";"L.";"Accepted";"species"
2121;"Rubus idaeus";"Rubus idaeus";"L.";"Rubus idaeus";"L.";"Accepted";"species"
121;"Rubus spp.";"Rubus";;"Rubus";"L.";"Accepted";"genus"
3121;"Rubus ulmifolius";"Rubus ulmifolius";"Schott";"Rubus ulmifolius";"Schott";"Accepted";"species"
166;"Rumex lunaria";"Rumex lunaria";"L.";"Rumex lunaria";"L.";"Accepted";"species"
130;"Ruscus aculeatus";"Ruscus aculeatus";"L.";"Ruscus aculeatus";"L.";"Accepted";"species"
1130;"Ruscus hypophyllum";"Ruscus hypophyllum";"L.";"Ruscus hypophyllum";"L.";"Accepted";"species"
257;"Salix alba";"Salix alba";"L.";"Salix alba";"L.";"Accepted";"species"
357;"Salix atrocinerea";"Salix atrocinerea";"Brot.";"Salix atrocinerea";"Brot.";"Accepted";"species"
457;"Salix babylonica";"Salix babylonica";;"Salix babylonica";"L.";"Accepted";"species"
858;"Salix canariensis";"Salix canariensis";"C.Sm. ex Link";"Salix pedicellata  subsp. canariensis";"(C.Sm. ex Link) A.K.Skvortsov";"Accepted";"subspecies"
557;"Salix cantabrica";"Salix cantabrica";"Rech.f.";"Salix bicolor";"Ehrh. ex Willd.";"Accepted";"species"
657;"Salix caprea";"Salix caprea";"L.";"Salix caprea";"L.";"Accepted";"species"
757;"Salix elaeagnos";"Salix elaeagnos";;"Salix eleagnos";"Scop.";"Accepted";"species"
857;"Salix fragilis";"Salix fragilis";"L.";"Salix × fragilis";"L.";"Accepted";"species"
957;"Salix purpurea";"Salix purpurea";"L.";"Salix purpurea";"L.";"Accepted";"species"
57;"Salix spp.";"Salix";;"Salix";"L.";"Accepted";"genus"
186;"Salsola spp.";"Salsola";;"Salsola";"L.";"Accepted";"genus"
97;"Sambucus nigra";"Sambucus nigra";"L.";"Sambucus nigra";"L.";"Accepted";"species"
197;"Sambucus palmensis";"Sambucus palmensis";;"Sambucus palmensis";"Link";"Accepted";"species"
297;"Sambucus racemosa";"Sambucus racemosa";"L.";"Sambucus racemosa";"L.";"Accepted";"species"
2970;"Sambucus racemosa";"Sambucus racemosa";"L.";"Sambucus racemosa";"L.";"Accepted";"species"
997;"Sambucus spp.";"Sambucus";;"Sambucus";"L.";"Accepted";"genus"
2127;"Santolina chamecyparissus";"Santolina chamecyparissus";;"Santolina chamaecyparissus";"L.";"Accepted";"species"
127;"Santolina rosmarinifolia";"Santolina rosmarinifolia";"L.";"Santolina rosmarinifolia";"L.";"Accepted";"species"
1127;"Santolina spp.";"Santolina";;"Santolina";"L.";"Accepted";"genus"
8103;"Sarothamnus scoparius";"Sarothamnus scoparius";;"Cytisus scoparius";"(L.) Link";"Accepted";"species"
5103;"Sarothamnus vulgaris";"Sarothamnus vulgaris";;"Cytisus scoparius";"(L.) Link";"Accepted";"species"
181;"Securinega tinctoria";"Securinega tinctoria";;"Flueggea tinctoria";"(L.) G.L.Webster";"Accepted";"species"
180;"Sideritis spp.";"Sideritis";;"Sideritis";"L.";"Accepted";"genus"
85;"Sideroxylon marmulano";"Sideroxylon marmulano";;"Sideroxylon mirmulans";"R.Br.";"Accepted";"species"
85;"Sideroxylon mirmulans";"Sideroxylon mirmulans";;"Sideroxylon mirmulans";"R.Br.";"Accepted";"species"
10;"Sin asignar";;;;;;
149;"Smilax aspera";"Smilax aspera";"L.";"Smilax aspera";"L.";"Accepted";"species"
292;"Sophora japonica";"Sophora japonica";"L.";"Styphnolobium japonicum";"(L.) Schott";"Accepted";"species"
278;"Sorbus aria";"Sorbus aria";"(L.) Crantz";"Sorbus aria";"(L.) Crantz";"Accepted";"species"
378;"Sorbus aucuparia";"Sorbus aucuparia";"L.";"Sorbus aucuparia";"L.";"Accepted";"species"
778;"Sorbus chamaemespilus";"Sorbus chamaemespilus";"(L.) Crantz";"Sorbus chamaemespilus";"(L.) Crantz";"Accepted";"species"
478;"Sorbus domestica";"Sorbus domestica";"L.";"Sorbus domestica";"L.";"Accepted";"species"
678;"Sorbus latifolia";"Sorbus latifolia";"(Lam.) Pers.";"Sorbus latifolia";"(Lam.) Pers.";"Accepted";"species"
78;"Sorbus spp.";"Sorbus";;"Sorbus";"L.";"Accepted";"genus"
578;"Sorbus torminalis";"Sorbus torminalis";"(L.) Crantz";"Sorbus torminalis";"(L.) Crantz";"Accepted";"species"
9103;"Spartium junceum";"Spartium junceum";"L.";"Spartium junceum";"L.";"Accepted";"species"
3103;"Spartium spp.";"Spartium";;"Spartium";"L.";"Accepted";"genus"
1134;"Spiraea hypericifolia";"Spiraea hypericifolia";"L.";"Spiraea hypericifolia";"L.";"Accepted";"species"
134;"Spiraea spp.";"Spiraea";;"Spiraea";"L.";"Accepted";"genus"
176;"Stauracanthus boivinii";"Stauracanthus boivinii";"(Webb) Samp.";"Stauracanthus boivinii";"(Webb) Samp.";"Accepted";"species"
253;"Tamarix canariensis";"Tamarix canariensis";"Willd.";"Tamarix canariensis";"Willd.";"Accepted";"species"
53;"Tamarix spp.";"Tamarix";;"Tamarix";"L.";"Accepted";"genus"
14;"Taxus baccata";"Taxus baccata";"L.";"Taxus baccata";"L.";"Accepted";"species"
9077;"Teline linifolia";"Teline linifolia";"(L.) Webb in Webb & Berthel.";"Genista linifolia";"L.";"Accepted";"species"
9078;"Teline monspessulana";"Teline monspessulana";"(L.) K.Koch";"Genista monspessulana";"(L.) L.A.S.Johnson";"Accepted";"species"
9202;"Teline monspessulana";"Teline monspessulana";"(L.) K.Koch";"Genista monspessulana";"(L.) L.A.S.Johnson";"Accepted";"species"
9914;"Teline monspessulana";"Teline monspessulana";"(L.) K.Koch";"Genista monspessulana";"(L.) L.A.S.Johnson";"Accepted";"species"
165;"Teline spp.";"Teline";;"Genista";"L.";"Accepted";"genus"
219;"Tetraclinis articulata";"Tetraclinis articulata";"(Vahl) Mast.";"Tetraclinis articulata";"Mast.";"Accepted";"species"
1179;"Teucrium fruticans";"Teucrium fruticans";"L.";"Teucrium fruticans";"L.";"Accepted";"species"
179;"Teucrium spp.";"Teucrium";;"Teucrium";"L.";"Accepted";"genus"
319;"Thuja spp.";"Thuja";;"Thuja";"L.";"Accepted";"genus"
151;"Thymelaea spp.";"Thymelaea";;"Thymelaea";"Mill.";"Accepted";"genus"
4129;"Thymus albicans";"Thymus albicans";"Hoffmanns. & Link";"Thymus albicans";"Hoffmanns. & Link";"Accepted";"species"
3129;"Thymus baeticus";"Thymus baeticus";"Boiss. ex Lacaita";"Thymus baeticus";"Boiss. ex Lacaita";"Accepted";"species"
5129;"Thymus granatensis";"Thymus granatensis";"Boiss.";"Thymus granatensis";"Boiss.";"Accepted";"species"
1129;"Thymus mastichina";"Thymus mastichina";"(L.) L.";"Thymus mastichina";"L.";"Accepted";"species"
129;"Thymus spp.";"Thymus";;"Thymus";"L.";"Accepted";"genus"
2129;"Thymus zygis";"Thymus zygis";"Loefl. ex L.";"Thymus zygis";"L.";"Accepted";"species"
277;"Tilia cordata";"Tilia cordata";"Mill.";"Tilia cordata";"Mill.";"Accepted";"species"
377;"Tilia platyphyllos";"Tilia platyphyllos";"Scop.";"Tilia platyphyllos";"Scop.";"Accepted";"species"
77;"Tilia spp.";"Tilia";;"Tilia";"L.";"Accepted";"genus"
1164;"Ulex canescens";"Ulex canescens";"Lange";"Ulex canescens";"Lange";"Accepted";"species"
6103;"Ulex europaeus";"Ulex europaeus";"L.";"Ulex europaeus";"L.";"Accepted";"species"
3164;"Ulex minor";"Ulex minor";"Roth";"Ulex minor";"Roth";"Accepted";"species"
157;"Ulex parviflorus";"Ulex parviflorus";"Pourr.";"Ulex parviflorus";"Pourr.";"Accepted";"species"
1103;"Ulex spp.";"Ulex";;"Ulex";"L.";"Accepted";"genus"
256;"Ulmus glabra";"Ulmus glabra";"Huds.";"Ulmus glabra";"Huds.";"Accepted";"species"
56;"Ulmus minor";"Ulmus minor";"Mill.";"Ulmus minor";"Mill.";"Accepted";"species"
356;"Ulmus pumila";"Ulmus pumila";;"Ulmus pumila";"L.";"Accepted";"species"
456;"Ulmus spp.";"Ulmus";;"Ulmus";"L.";"Accepted";"genus"
956;"Ulmus spp.";"Ulmus";;"Ulmus";"L.";"Accepted";"genus"
137;"Vaccinium myrtillus";"Vaccinium myrtillus";"L.";"Vaccinium myrtillus";"L.";"Accepted";"species"
1137;"Vaccinium spp.";"Vaccinium";;"Vaccinium";"L.";"Accepted";"genus"
1170;"Vella spinosa";"Vella spinosa";"Boiss.";"Vella spinosa";"Boiss.";"Accepted";"species"
170;"Vella spp.";"Vella";;"Vella";"L.";"Accepted";"genus"
3115;"Viburnum lantana";"Viburnum lantana";"L.";"Viburnum lantana";"L.";"Accepted";"species"
4115;"Viburnum opulus";"Viburnum opulus";"L.";"Viburnum opulus";"L.";"Accepted";"species"
1115;"Viburnum rigidum";"Viburnum rigidum";;"Viburnum rugosum";"Pers.";"Accepted";"species"
115;"Viburnum spp.";"Viburnum";;"Viburnum";"L.";"Accepted";"genus"
2115;"Viburnum tinus";"Viburnum tinus";"L.";"Viburnum tinus";"L.";"Accepted";"species"
489;"Visnea mocanera";"Visnea mocanera";"L.f.";"Visnea mocanera";"L.f.";"Accepted";"species"
174;"Vitis vinifera";"Vitis vinifera";"L.";"Vitis vinifera";"L.";"Accepted";"species"
184;"Withania frutescens";"Withania frutescens";"(L.) Pauquy";"Withania frutescens";"(L.) Pauquy";"Accepted";"species"
123;"Zizyphus lotus";"Zizyphus lotus";;"Ziziphus lotus";"Lam.";"Accepted";"species"
